
INSERT INTO  Shfrytezuesit (semri,smbiemri,sgjinia, datelindja, statusiMartesor, rruga, qyteti, shteti, tel_mobile, tel_fix, kodi_postal, gjuha, religjioni) 
VALUES("Albin", "Tmava",	"M", "1997-07-20", "I/e pamartuar", 
"Mbreti Bardhyl", "Peje",  "Kosove", "+38349364030", "038237423", 30000, "Shqip", "Musliman/e");
INSERT INTO  Shfrytezuesit (semri,smbiemri,sgjinia, datelindja, statusiMartesor, rruga, qyteti, shteti, tel_mobile, tel_fix, kodi_postal, gjuha, religjioni) 
VALUES("Laura", "Gashi", "F", "1997-02-22", "I/e pamartuar","Sefedin Maxhuni", "Vushtrri", "Kosove", "+38344364560", "038934578", 40000, "Angleze",	"Katolik/e");
INSERT INTO  Shfrytezuesit (semri,smbiemri,sgjinia, datelindja, statusiMartesor, rruga, qyteti, shteti, tel_mobile, tel_fix, kodi_postal, gjuha, religjioni) VALUES("Alba", "Krasniqi", "F", "1997-05-08",	"I/e pamartuar",
"Adem Jashari",	"Mitrovice", "Kosove", "+38349573293", "038960879", 43000, "Angleze", "Ortodoks/e");
INSERT INTO  Shfrytezuesit (semri,smbiemri,sgjinia, datelindja, statusiMartesor, rruga, qyteti, shteti, tel_mobile, tel_fix, kodi_postal, gjuha, religjioni) VALUES("Edi", "Berisha", "M", "1993-11-08",	"I/e pamartuar",
"Adem Jashari",	"Mitrovice", "Kosove", "+38349873293", "038860879", 43000, "Angleze", "Ortodoks/e");
INSERT INTO  Shfrytezuesit (semri,smbiemri,sgjinia, datelindja, statusiMartesor, rruga, qyteti, shteti, tel_mobile, tel_fix, kodi_postal, gjuha, religjioni) VALUES("Zbulim", "Zekaj", "M", "1997-09-04", "I/e pamartuar",
"28 Nentori", "Tirane", "Shqiperi",	"+38349483272",	"038879768", 10000, "Shqip", "Musliman/e");
INSERT INTO  Shfrytezuesit (semri,smbiemri,sgjinia, datelindja, statusiMartesor, rruga, qyteti, shteti, tel_mobile, tel_fix, kodi_postal, gjuha, religjioni) VALUES("Rina", "Hajra", "F", "1996-07-23", "I/e martuar",
"Paqja", "Prizren", "Kosove", "+38344382829", "038769077", 20000, "Frenge",	"Musliman/e");
INSERT INTO  Shfrytezuesit (semri,smbiemri,sgjinia, datelindja, statusiMartesor, rruga, qyteti, shteti, tel_mobile, tel_fix, kodi_postal, gjuha, religjioni) VALUES("Dea",	"Loxha", "F", "1985-05-14",	"I/e martuar", 
"Ahmet Konica",	"Prishtine", "Kosove", "+38344637893", "038690787",	10000, "Angleze", "Ateist/e");
INSERT INTO  Shfrytezuesit (semri,smbiemri,sgjinia, datelindja, statusiMartesor, rruga, qyteti, shteti, tel_mobile, tel_fix, kodi_postal, gjuha, religjioni) VALUES("Leon", "Shala", "M", "1997-11-19", "I/e pamartuar",
"Jakov Xoxa", "Prishtine", "Kosove", "+38349343235", "038356689", 10000, "Frenge", "Ortodoks/e");
INSERT INTO  Shfrytezuesit (semri,smbiemri,sgjinia, datelindja, statusiMartesor, rruga, qyteti, shteti, tel_mobile, tel_fix, kodi_postal, gjuha, religjioni) VALUES("Art", "Krasniqi", "M", "1995-12-24", "I/e martuar",
"Lidhja e Prizrenit", "Shkoder", "Shqiperi", "+38344849924", "038588966", 4000, "Gjermane", "Budist/e");
INSERT INTO  Shfrytezuesit (semri,smbiemri,sgjinia, datelindja, statusiMartesor, rruga, qyteti, shteti, tel_mobile, tel_fix, kodi_postal, gjuha, religjioni) VALUES( "Ard", "Vokshi", "M", "1972-10-21", "I/e pamartuar",
"Malush Kosova", "Prishtine", "Kosove", "+38349329580", "038783467", 10000, "Angleze", "Agnostik/e");
INSERT INTO  Shfrytezuesit (semri,smbiemri,sgjinia, datelindja, statusiMartesor, rruga, qyteti, shteti, tel_mobile, tel_fix, kodi_postal, gjuha, religjioni) VALUES("Bekim", "Pllana", "M", "1996-08-09", "I/e pamartuar",
"Nene Tereza", "Peje", "Kosove", "+38349282474", "038769078", "30000", "Gjermane", "Musliman/e");
INSERT INTO  Shfrytezuesit (semri,smbiemri,sgjinia, datelindja, statusiMartesor, rruga, qyteti, shteti, tel_mobile, tel_fix, kodi_postal, gjuha, religjioni) VALUES("Brikena", "Devolli", "F", "1997-04-08", "I/e pamartuar", 
"Haxhi Zeka", "Berat", "Shqiperi", "+38349247862", "038087087", 6000, "Gjermane", "Kalotik/e");
INSERT INTO  Shfrytezuesit (semri,smbiemri,sgjinia, datelindja, statusiMartesor, rruga, qyteti, shteti, tel_mobile, tel_fix, kodi_postal, gjuha, religjioni) VALUES("Altin", "Temaj", "M", "1992-03-09", "I/e martuar", 
"Astrit Dehari", "Mitrovice", "Kosove", "+38344768794", "038789668", 40000, "Turke", "Ortodoks/e");
INSERT INTO  Shfrytezuesit (semri,smbiemri,sgjinia, datelindja, statusiMartesor, rruga, qyteti, shteti, tel_mobile, tel_fix, kodi_postal, gjuha, religjioni) VALUES("Jetmira", "Alija", "F", "1996-01-11", "I/e pamartuar", 
"Ndue Pelleshi", "Prishtine", "Kosove", "+38349655497", "038087998", 10000, "Turke", "Katolik.e");
INSERT INTO  Shfrytezuesit (semri,smbiemri,sgjinia, datelindja, statusiMartesor, rruga, qyteti, shteti, tel_mobile, tel_fix, kodi_postal, gjuha, religjioni) VALUES("Teuta", "Sfishta", "F", "1984-09-30", "I/e martuar",
"Azem Bejta", "Mitrovice", "Kosove", "+38344973358", "038698079", 30000, "Frenge", "Ateist/e");
INSERT INTO  Shfrytezuesit (semri,smbiemri,sgjinia, datelindja, statusiMartesor, rruga, qyteti, shteti, tel_mobile, tel_fix, kodi_postal, gjuha, religjioni) VALUES("Ekrem", "Murati", "M", "1987-04-12", "I/e martuar",
"Xhon Buja", "Vushtrri", "Shqiperi", "+38344876448", "038654754", 90000, "Serbe", "Musliman");






INSERT INTO  Profili (foto_profilit, aftesitePro, spershkrimi, sid) VALUES (load_file('C:/ProgramData/MySQL/MySQL Server 8.0/Uploads/arian.png'), "HTML, CSS, JAVASCRIPT","Me pelqen programimi pasi qe krijoj dicka te re.",1);
INSERT INTO  Profili (foto_profilit, aftesitePro, spershkrimi, sid) VALUES (load_file('C:/ProgramData/MySQL/MySQL Server 8.0/Uploads/arian.png'), "MS Office by ECDL","Pjesa me e bukur e punes eshte kreativiteti.",2);
INSERT INTO  Profili (foto_profilit, aftesitePro, spershkrimi, sid) VALUES (load_file('C:/ProgramData/MySQL/MySQL Server 8.0/Uploads/arian.png'), "JAVA", "Programming is life.",3);
INSERT INTO  Profili (foto_profilit, aftesitePro, spershkrimi, sid) VALUES (load_file('C:/ProgramData/MySQL/MySQL Server 8.0/Uploads/arian.png'), "C#", "",4);
INSERT INTO  Profili (foto_profilit, aftesitePro, spershkrimi, sid) VALUES (load_file('C:/ProgramData/MySQL/MySQL Server 8.0/Uploads/arian.png'), "Nderrmaresi", 
"Jam teper ambicioze.",5);
INSERT INTO  Profili (foto_profilit, aftesitePro, spershkrimi, sid) VALUES (load_file('C:/ProgramData/MySQL/MySQL Server 8.0/Uploads/arian.png'), "HTML, CSS, JAVASCRIPT", 
"",6);
INSERT INTO  Profili (foto_profilit, aftesitePro, spershkrimi, sid) VALUES (load_file('C:/ProgramData/MySQL/MySQL Server 8.0/Uploads/arian.png'), "MS Office by ECDL", 
"Me pelqen te sfidoj veten.",7);
INSERT INTO  Profili (foto_profilit, aftesitePro, spershkrimi, sid) VALUES (load_file('C:/ProgramData/MySQL/MySQL Server 8.0/Uploads/arian.png'), "JAVA", 
"Te gjithe energjine time per te punuar dua ta tregoj diku.",8);
INSERT INTO  Profili (foto_profilit, aftesitePro, spershkrimi, sid) VALUES (load_file('C:/ProgramData/MySQL/MySQL Server 8.0/Uploads/arian.png'), "HTML, CSS, JAVASCRIPT", 
"",9);
INSERT INTO  Profili (foto_profilit, aftesitePro, spershkrimi, sid) VALUES (load_file('C:/ProgramData/MySQL/MySQL Server 8.0/Uploads/arian.png'), "MS Office by ECDL", 
"",10);
INSERT INTO  Profili (foto_profilit, aftesitePro, spershkrimi, sid) VALUES (load_file('C:/ProgramData/MySQL/MySQL Server 8.0/Uploads/arian.png'), "JAVA", 
"Pjesa me e bukur e punes eshte kreativiteti.",11);
INSERT INTO  Profili (foto_profilit, aftesitePro, spershkrimi, sid) VALUES (load_file('C:/ProgramData/MySQL/MySQL Server 8.0/Uploads/arian.png'), "HTML, CSS, JAVASCRIPT", 
"",12);
INSERT INTO  Profili (foto_profilit, aftesitePro, spershkrimi, sid) VALUES (load_file('C:/ProgramData/MySQL/MySQL Server 8.0/Uploads/arian.png'), "MS Office by ECDL", 
"Besoj qe punoj me shume se qe duhet.",13);
INSERT INTO  Profili (foto_profilit, aftesitePro, spershkrimi, sid) VALUES (load_file('C:/ProgramData/MySQL/MySQL Server 8.0/Uploads/arian.png'), "JAVA", 
"Me pelqen programimi pasi qe krijoj dicka te re.",14);
INSERT INTO  Profili (foto_profilit, aftesitePro, spershkrimi, sid) VALUES (load_file('C:/ProgramData/MySQL/MySQL Server 8.0/Uploads/arian.png'), "HTML", 
"Pjesa me e bukur e punes eshte kreativiteti.",15);






INSERT INTO  Albumi (emrialbumit, sid) VALUES ("Mobile Uploads", 5);
INSERT INTO  Albumi (emrialbumit, sid) VALUES ("Summer holidays", 7);
INSERT INTO  Albumi (emrialbumit, sid) VALUES ("Favorite Videos", 5);
INSERT INTO  Albumi (emrialbumit, sid) VALUES ("Ammy’s birthday",2);
INSERT INTO  Albumi (emrialbumit, sid) VALUES ( "Mobile Uploads", 3);
INSERT INTO  Albumi (emrialbumit, sid) VALUES ("Timeline Photos", 7);
INSERT INTO  Albumi (emrialbumit, sid) VALUES ("School Days", 12);
INSERT INTO  Albumi (emrialbumit, sid) VALUES ( "Mobile Uploads", 11);
INSERT INTO  Albumi (emrialbumit, sid) VALUES ("Favorite Moments", 5);
INSERT INTO  Albumi (emrialbumit, sid) VALUES ( "Video Uploads", 3);


INSERT INTO fotografite(foto, aid) VALUES ("pic1,jpg", 1221);
INSERT INTO fotografite(foto, aid) VALUES ( "pic2.jpg", 1224);
INSERT INTO fotografite(foto, aid) VALUES ( "pic3.jpg", 1228);
INSERT INTO fotografite(foto, aid) VALUES ( "pic4.jpg", 1227);
INSERT INTO fotografite(foto, aid) VALUES ("pic5.jpg", 1221);
INSERT INTO fotografite(foto, aid) VALUES ("pic6.jpg", 1224);
INSERT INTO fotografite(foto, aid) VALUES ( "pic7.jpg", 1224);
INSERT INTO fotografite(foto, aid) VALUES ( "pic8,jpg", 1222);
INSERT INTO fotografite(foto, aid) VALUES ( "pic9.jpg", 1221);
INSERT INTO fotografite(foto, aid) VALUES ( "pic10.jpg", 1225);

select * from fotografite;


INSERT INTO videot(video, aid) VALUES ( "vid1.mp4", 1223);
INSERT INTO videot(video, aid) VALUES ("vid2.mp4", 1223);
INSERT INTO videot(video, aid) VALUES ("vid3.mp4", 1230);
INSERT INTO videot(video, aid) VALUES ( "vid4.mp4", 1230);
INSERT INTO videot(video, aid) VALUES ( "vid5.mp4", 1230);
INSERT INTO videot(video, aid) VALUES ( "vid6.mp4", 1223);
INSERT INTO videot(video, aid) VALUES ( "vid7.mp4", 1230);
INSERT INTO videot(video, aid) VALUES ( "vid8.mp4", 1227);
INSERT INTO videot(video, aid) VALUES ( "vid9.mp4", 1224);
INSERT INTO videot(video, aid) VALUES  ("vid10.mp4", 1230);

select * from videot;



INSERT INTO kredencialet(email, username, password, sid) VALUES ( "at@gmail.com" , "albintmava", "albintmava1234",1);
INSERT INTO kredencialet(email, username, password, sid) VALUES ("lg@gmail.com" ,"Lauragashi","Lauragashi1234",2);
INSERT INTO kredencialet(email, username, password, sid) VALUES ("ak@gmail.com" ,"Albakrasniqi","Albakrasniqi1234",3);
INSERT INTO kredencialet(email, username, password, sid) VALUES ("zz@hotmali.com" ,"Zbulimzekaj","Zbulimzekaj1234",4);
INSERT INTO kredencialet(email, username, password, sid) VALUES ("rh@hotmail.com" ,"Rinahajra","Rinahajra1234",5);
INSERT INTO kredencialet(email, username, password, sid) VALUES ("dl@gmail.com" ,"Deahoxha", "Deahoxha1234",6);
INSERT INTO kredencialet(email, username, password, sid) VALUES ("dla@gmail.com" ,"Leonshala","Leonshala1234",7);
INSERT INTO kredencialet(email, username, password, sid) VALUES ( "Akr@gmail.com" ,"Artkrasniqi","Artkrasniqi1234",8);
INSERT INTO kredencialet(email, username, password, sid) VALUES ( "av@gmail.com" ,"Ardvokshi","Ardvokshi1234",9);
INSERT INTO kredencialet(email, username, password, sid) VALUES ( "bp@gmail.com" ,"Bekimpllana","Bekimpllana1234",10);
INSERT INTO kredencialet(email, username, password, sid) VALUES ( "bd@gatmail.com" ,"Brikenadevolli","Brikenadevolli1234",11);
INSERT INTO kredencialet(email, username, password, sid) VALUES ( "at@gmail.com" ,"Altintemaj","Altintemaj1234",12);
INSERT INTO kredencialet(email, username, password, sid) VALUES ("ja@gmail.com" ,"Jetmiraalija","Jetmiraalija1234",13);
INSERT INTO kredencialet(email, username, password, sid) VALUES ("ts@gmail.com" ,"Teutasfishta","Teutasfishta1234",14);
INSERT INTO kredencialet(email, username, password, sid) VALUES ("em@hotmail.com" ,"Ekremmurati","Ekremmurati1234",15);


select * from kredencialet;



INSERT INTO edukimi(efakulteti, edepartamenti, eprogrami,eviti_fillimit, eviti_mbarimit, enota_mes, eshk_fillore, eshk_mesme, edrejtimi,sid) 
VALUES ("Fakulteti Teknik"," Inxhinieri Kompjuterike", "Inxhinieri kompjuterike", "2005-10-01", "2008-06-25", "9.00", "Faik Konica", "Sami Frasheri", "Pergjithshem", 3);
INSERT INTO edukimi(efakulteti, edepartamenti, eprogrami,eviti_fillimit, eviti_mbarimit, enota_mes, eshk_fillore, eshk_mesme, edrejtimi,sid) VALUES ( "Fakulteti i Mjeksise" , "Stomatologji", " Stomatologji", "2006-10-01", "2009-06-25", "6.70", "Elena Gjika", "Gjin Gazulli", "Shoqeror", 2);
INSERT INTO edukimi(efakulteti, edepartamenti, eprogrami,eviti_fillimit, eviti_mbarimit, enota_mes, eshk_fillore, eshk_mesme, edrejtimi,sid) VALUES ( "Fakulteti Filozofik", "Histori", "Histori", "2007-10-01", "2010-06-25", "8.70", "Naim Frasheri", "28 Nentori", "Profesional",1);
INSERT INTO edukimi(efakulteti, edepartamenti, eprogrami,eviti_fillimit, eviti_mbarimit, enota_mes, eshk_fillore, eshk_mesme, edrejtimi,sid) VALUES ( "Fakulteti Filologjik", "Gjuhe Turke", "Gjuhe Turke", "2008-10-01", "2011-06-25", "6.00", "Iliria", "Sami Frasheri", "Pergjithshem", 14);
INSERT INTO edukimi(efakulteti, edepartamenti, eprogrami,eviti_fillimit, eviti_mbarimit, enota_mes, eshk_fillore, eshk_mesme, edrejtimi,sid) VALUES ( "Fakulteti i Arteve", "Artet Vizuale", "Artet Vizuale", "2009-10-01", "2012-06-25", "7.40", "Hasan Prishtina", "28 Nentori", "Profesional", 11);
INSERT INTO edukimi(efakulteti, edepartamenti, eprogrami,eviti_fillimit, eviti_mbarimit, enota_mes, eshk_fillore, eshk_mesme, edrejtimi,sid) VALUES ( "Fakulteti i Edukimit", "Parafillor", "Parafillor", "2010-10-01", "2013-06-25", "7.70", "Ismail Qemali", "28 Nentori", "Profesional", 5);
INSERT INTO edukimi(efakulteti, edepartamenti, eprogrami,eviti_fillimit, eviti_mbarimit, enota_mes, eshk_fillore, eshk_mesme, edrejtimi,sid) VALUES ( "Fakulteti Ekonimik", "Marketing", "Marketing", "2011-10-01", "2014-06-25", "9.45", "Emin Duraku", "28 Nentori", "Profesional", 4);
INSERT INTO edukimi(efakulteti, edepartamenti, eprogrami,eviti_fillimit, eviti_mbarimit, enota_mes, eshk_fillore, eshk_mesme, edrejtimi,sid) VALUES ( "Fakulteti Juridik", "Juridik", "Juridik", "2012-10-01", "2015-06-25", "8.49", "Model", "Sami Frasheri", "Pergjithshem", 13);
INSERT INTO edukimi(efakulteti, edepartamenti, eprogrami,eviti_fillimit, eviti_mbarimit, enota_mes, eshk_fillore, eshk_mesme, edrejtimi,sid) VALUES ( "Fakulteti i Bujqesise", "Ekonomi Bujqesore", "Ekonomi Bujqesore", "2013-10-01", "2016-06-25", "6.66", "Meto Bajraktari", "Sami Frasheri", "Pergjithshem", 6);
INSERT INTO edukimi(efakulteti, edepartamenti, eprogrami,eviti_fillimit, eviti_mbarimit, enota_mes, eshk_fillore, eshk_mesme, edrejtimi,sid) VALUES ( "Fakulteti i Shkencave Matematiko-Natyrore", "Matematike", "Matematike", "2014-10-01", "2017-06-25", "8.90", "Gjergj Fishta", "28 Nentori", "Profesional", 7);
INSERT INTO edukimi(efakulteti, edepartamenti, eprogrami,eviti_fillimit, eviti_mbarimit, enota_mes, eshk_fillore, eshk_mesme, edrejtimi,sid) VALUES ( "Fakulteti i Edukimit Fizik dhe Sportit", "Ed.Fizike", "Ed.Fizike", "2015-10-01", "2018-06-25", "7.60", "Dardania", "Gjin Gazulli", "Shoqeror", 9);
INSERT INTO edukimi(efakulteti, edepartamenti, eprogrami,eviti_fillimit, eviti_mbarimit, enota_mes, eshk_fillore, eshk_mesme, edrejtimi,sid) VALUES ( "Kolegji AAB", "Infiermeri", "Infiermeri", "2016-10-01", "2019-06-25", "6.30", "7 Marsi", "28 Nentori", "Profesional", 10);
INSERT INTO edukimi(efakulteti, edepartamenti, eprogrami,eviti_fillimit, eviti_mbarimit, enota_mes, eshk_fillore, eshk_mesme, edrejtimi,sid) VALUES ( "Kolegji UBT", "Arkitekture", "Arkitekture", "2017-10-01", "2020-06-25", "8.10", "Faik Konica", "28 Nentori", "Profesional", 15);
INSERT INTO edukimi(efakulteti, edepartamenti, eprogrami,eviti_fillimit, eviti_mbarimit, enota_mes, eshk_fillore, eshk_mesme, edrejtimi,sid) VALUES ( "Kolegji Universum", "Infiermeri", "Infiermeri","2018-10-01", "2022-06-25", "9.40", "Iliria", "Gjin Gazulli", "Shoqeror" , 8);
INSERT INTO edukimi(efakulteti, edepartamenti, eprogrami,eviti_fillimit, eviti_mbarimit, enota_mes, eshk_fillore, eshk_mesme, edrejtimi,sid) VALUES ( "Kolegji Riinverst", "Siguria kibernetike", "Siguria kibernetike","2019-10-01", "2023-06-25", "7.12", "Meto Bajraktari", "28 Nentori", "Profesional", 12);


select * from edukimi;

INSERT INTO punesimi(p_meparshme, poz_meparshme, pdata_fillimitmp, pdata_mbarimit, p_tanishme, poz_tanishme,pdata_ft, sid)
VALUES ("Arkitekt/e", "Praktikant/e", "2014-03-10", "2016-11-24", "Arkitekt/e", "Menaxher/e i/e projektit", "2016-12-01", 1);
INSERT INTO punesimi(p_meparshme, poz_meparshme, pdata_fillimitmp, pdata_mbarimit, p_tanishme, poz_tanishme,pdata_ft, sid) 
VALUES ("Mesimdhenes/e", "Mesues/e", "2015-09-01", "2016-06-12", "Mesimdhenes/e", "Mesues/e", "2016-09-01", 2);
INSERT INTO punesimi(p_meparshme, poz_meparshme, pdata_fillimitmp, pdata_mbarimit, p_tanishme, poz_tanishme,pdata_ft, sid) 
VALUES (null, null, null, null, "Mesimdhenes/e", "Profesor/eshe", "2007-10-01", 3);
INSERT INTO punesimi(p_meparshme, poz_meparshme, pdata_fillimitmp, pdata_mbarimit, p_tanishme, poz_tanishme,pdata_ft, sid)
 VALUES ("Ekonomist/e", "Arketar/e", "2005-07-23", "2018-08-20", "Ekonomist/e", "Arketar/e", "2018-09-02", 14);
INSERT INTO punesimi(p_meparshme, poz_meparshme, pdata_fillimitmp, pdata_mbarimit, p_tanishme, poz_tanishme,pdata_ft, sid) 
VALUES ( null, null, null, null, "Polic/e", "Detektiv/e", "2017-10-07", 11);
INSERT INTO punesimi(p_meparshme, poz_meparshme, pdata_fillimitmp, pdata_mbarimit, p_tanishme, poz_tanishme,pdata_ft, sid) 
VALUES ("Programer/e", "Praktikant/e", "2014-05-15", "2014-07-29", "Programer/e", "Zhvillues/e i/e Softuerit", "2014-08-13", 5);
INSERT INTO punesimi(p_meparshme, poz_meparshme, pdata_fillimitmp, pdata_mbarimit, p_tanishme, poz_tanishme,pdata_ft, sid)
 VALUES ("Mjek/e", "Kardiolog/e", "2015-09-22", "2016-07-23", "Mjek/e", "Kardiolog/e", "2017-07-20", 8);
INSERT INTO punesimi(p_meparshme, poz_meparshme, pdata_fillimitmp, pdata_mbarimit, p_tanishme, poz_tanishme,pdata_ft, sid) 
VALUES ("Arkeolog", "Udheheqes/e i/e projektit", "2003-04-05", "2010-06-05", "Arkeolog/e", "Udheheqes/e i/e projektit", "2010-06-15", 13);
INSERT INTO punesimi(p_meparshme, poz_meparshme, pdata_fillimitmp, pdata_mbarimit, p_tanishme, poz_tanishme,pdata_ft, sid) 
VALUES (null, null, null, null, "Gjuhetar/e", "Mesimdhenes/e", "2007-12-11", 6);
INSERT INTO punesimi(p_meparshme, poz_meparshme, pdata_fillimitmp, pdata_mbarimit, p_tanishme, poz_tanishme,pdata_ft, sid) 
VALUES ("Jurist/e", "Noter/e", "2015-05-05", "2016-02-20", "Jurist/e", "Avokat/e", "2018-01-15", 7);

select * from punesimi;



INSERT INTO hobi(pershkrimi_hobit, sid) VALUES ( "Tenisi", 1);
INSERT INTO hobi(pershkrimi_hobit, sid) VALUES ( "Basketbolli", 2);
INSERT INTO hobi(pershkrimi_hobit, sid) VALUES ( "Leximi", 3);
INSERT INTO hobi(pershkrimi_hobit, sid) VALUES ( "Noti", 14);
INSERT INTO hobi(pershkrimi_hobit, sid) VALUES ("Futbolli", 11);
INSERT INTO hobi(pershkrimi_hobit, sid) VALUES ("Shkrimi", 5);
INSERT INTO hobi(pershkrimi_hobit, sid) VALUES ("Leximi", 4);
INSERT INTO hobi(pershkrimi_hobit, sid) VALUES ( "Volejbolli", 13); 
INSERT INTO hobi(pershkrimi_hobit, sid) VALUES ("Shikimi i filmave", 6);
INSERT INTO hobi(pershkrimi_hobit, sid) VALUES ("Boksi", 7);
INSERT INTO hobi(pershkrimi_hobit, sid) VALUES ( "Karate", 9);
INSERT INTO hobi(pershkrimi_hobit, sid) VALUES ("Xhudo", 10);
INSERT INTO hobi(pershkrimi_hobit, sid) VALUES ("Hikingu", 15);

select * from hobi;


INSERT INTO Muzika (memri, mkengetari, mzhanri, sid) VALUE("Ben Platt","In Case You Don't Live Forever","Pop",1);   
INSERT INTO Muzika (memri, mkengetari, mzhanri, sid) VALUE("Dean Lewis","Wave","Pop",2); 
INSERT INTO Muzika (memri, mkengetari, mzhanri, sid) VALUE("Aquilo","Silhouette","Alternative",3); 
INSERT INTO Muzika (memri, mkengetari, mzhanri, sid) VALUE("Ed Sheeran","I See Fire","Folk Balad",14); 
INSERT INTO Muzika (memri, mkengetari, mzhanri, sid) VALUE("Calum Scott","You Are The Reason","Pop",11); 
INSERT INTO Muzika (memri, mkengetari, mzhanri, sid) VALUE("Bebe Rexha","I Got You","Pop",05); 
INSERT INTO Muzika (memri, mkengetari, mzhanri, sid) VALUE("Jennifer Lopez","Goin' In","Dancehall",4); 
INSERT INTO Muzika (memri, mkengetari, mzhanri, sid) VALUE("Rita Ora","Your Song","Pop",13); 
INSERT INTO Muzika (memri, mkengetari, mzhanri, sid) VALUE("Adele","Hello","Pop",6); 
INSERT INTO Muzika (memri, mkengetari, mzhanri, sid) VALUE("Blake Shelton","Home","Country",7); 
INSERT INTO Muzika (memri, mkengetari, mzhanri, sid) VALUE("Adam Levine","Lost Stars","Pop",9); 
INSERT INTO Muzika (memri, mkengetari, mzhanri, sid) VALUE("Kelly Clarkson","Piece By Piece","Electropop",10); 
INSERT INTO Muzika (memri, mkengetari, mzhanri, sid) VALUE("Jennifer Hudson","Am I Telling You","Soul",15); 
INSERT INTO Muzika (memri, mkengetari, mzhanri, sid) VALUE("Disturbed","The Sound Of Silence","Metal",8); 
INSERT INTO Muzika (memri, mkengetari, mzhanri, sid) VALUE("Evanescence","My Immortal","Rock",12); 


INSERT INTO Librat (lemri, lautori, lzhanri, sid) VALUES ("Harry Poter","J.K.Rowling","Mister",1);
INSERT INTO Librat (lemri, lautori, lzhanri, sid) VALUES ("Lulja e Kujtimit","Foqion Postoli","Drame",2);
INSERT INTO Librat (lemri, lautori, lzhanri, sid) VALUES ("Sikur te isha djale","Haki Stermilli","Histori",3);
INSERT INTO Librat (lemri, lautori, lzhanri, sid) VALUES ("The Toll","Neal Shusterman","Horror",14);
INSERT INTO Librat (lemri, lautori, lzhanri, sid) VALUES ("Ali Cross","James Patterson","Krim",11);
INSERT INTO Librat (lemri, lautori, lzhanri, sid) VALUES ("Sister First","Jenna Bush Hager","Drame",5);
INSERT INTO Librat (lemri, lautori, lzhanri, sid) VALUES ("Wrecking Ball","Jeff Kinney","Ditar",4);
INSERT INTO Librat (lemri, lautori, lzhanri, sid) VALUES ("Winterwood","Shea Ernshaw","Fantazi",13);
INSERT INTO Librat (lemri, lautori, lzhanri, sid) VALUES ("I have no secrets","Penny Joelson","Histori",6);
INSERT INTO Librat (lemri, lautori, lzhanri, sid) VALUES ("Blood Heir","Amelie Wen Zhao","Thriller",7);
INSERT INTO Librat (lemri, lautori, lzhanri, sid) VALUES ("Epoca","Ivy Claire","Fantashkence",9);
INSERT INTO Librat (lemri, lautori, lzhanri, sid) VALUES ("Shine","J.J.Grabenstein","Shkence",10);
INSERT INTO Librat (lemri, lautori, lzhanri, sid) VALUES ("My Book With No Pictures","B.J.Novak","Dokumentar",15);
INSERT INTO Librat (lemri, lautori, lzhanri, sid) VALUES ("Plaku dhe Deti","Ernest Hemingway","Fantazi",8);
INSERT INTO Librat (lemri, lautori, lzhanri, sid) VALUES ("Sam Houston","Brian Kilmeade","Dokumentar",12);



INSERT INTO Filmat (sid, femri, fregjisori, fprotagonisti, fzhanri) VALUE(1,"Zana","Antoneta Kastrati","Krim","Andrra");	
INSERT INTO Filmat (sid, femri, fregjisori, fprotagonisti, fzhanri) VALUE(2,"Shok","Jamie Donoughue","Krim","Lum Veseli" );	
INSERT INTO Filmat (sid, femri, fregjisori, fprotagonisti, fzhanri) VALUE(3,"6 Bullets","Ernie Barbarash","Aksion","Jean-Claude" );	
INSERT INTO Filmat (sid, femri, fregjisori, fprotagonisti, fzhanri) VALUE(4,"Brave","Brenda Chapman","Animuar","Princess Merida" ); 	
INSERT INTO Filmat (sid, femri, fregjisori, fprotagonisti, fzhanri) VALUE(5,"Shrek","Andrew Adamson","Animuar","Shrek" );	
INSERT INTO Filmat (sid, femri, fregjisori, fprotagonisti, fzhanri) VALUE(6,"Flicka","Michael Damian","Drame","Young Katy" );	
INSERT INTO Filmat (sid, femri, fregjisori, fprotagonisti, fzhanri) VALUE(7,"Frozen","Jennifer Lee","Animuar","Princess Anna" );	
INSERT INTO Filmat (sid, femri, fregjisori, fprotagonisti, fzhanri) VALUE(8,"The Protector","Prachya Pinkaew","Aksion","Cagatay Ulusoy" );	
INSERT INTO Filmat (sid, femri, fregjisori, fprotagonisti, fzhanri) VALUE(9,"3 Idiots","Rajkumar Hirani","Komedi","Fiorenttin" );	
INSERT INTO Filmat (sid, femri, fregjisori, fprotagonisti, fzhanri) VALUE(10,"The Pursuit Of Happyness","Gabriele Muccino","Drame","Chris Gardner" );	
INSERT INTO Filmat (sid, femri, fregjisori, fprotagonisti, fzhanri) VALUE(11,"Ayla","Can Ulkay","Drame","Ayla" );	
INSERT INTO Filmat (sid, femri, fregjisori, fprotagonisti, fzhanri) VALUE(12,"Before me","Thea Sharrock","Romantic","Adam" );	
INSERT INTO Filmat (sid, femri, fregjisori, fprotagonisti, fzhanri) VALUE(13,"Harry Potter","Chris Columbus","Aventure","Harry James Potter" );	
INSERT INTO Filmat (sid, femri, fregjisori, fprotagonisti, fzhanri) VALUE(14,"Mr. Bean","Mel Smith","Komedi","Mr. Bean" );	
INSERT INTO Filmat (sid, femri, fregjisori, fprotagonisti, fzhanri) VALUE(15,"The Bee","Simon J. Smith","Animuar","Toe" );	




INSERT INTO Postimet (dpost, kpost,plokacioni, sid) VALUE('2019-11-13','23:44:32',"Prishtinë",12); 
INSERT INTO Postimet (dpost, kpost,plokacioni, sid) VALUE('2019-09-02','10:32:49',"Prizren",14); 
INSERT INTO Postimet (dpost, kpost,plokacioni, sid) VALUE('2019-10-07','12:45:44',"Peje",15); 
INSERT INTO Postimet (dpost, kpost,plokacioni, sid) VALUE('2019-11-13','16:20:12',"Pejë",4); 
INSERT INTO Postimet (dpost, kpost,plokacioni, sid) VALUE('2019-10-18','09:23:39',"Prizren",2); 
INSERT INTO Postimet (dpost, kpost,plokacioni, sid) VALUE('2019-09-21','19:23:55',"Paris",3); 
INSERT INTO Postimet (dpost, kpost,plokacioni, sid) VALUE('2019-08-25','01:10:12',"Prishtinë",5); 
INSERT INTO Postimet (dpost, kpost,plokacioni, sid) VALUE('2019-11-28','11:10:23',"Prishtinë",5); 
INSERT INTO Postimet (dpost, kpost,plokacioni, sid) VALUE('2019-11-25','01:20:12',"Prishtinë",5); 
INSERT INTO Postimet (dpost, kpost,plokacioni, sid) VALUE('2019-11-08','13:45:48',"Gjakovë",7); 
INSERT INTO Postimet (dpost, kpost,plokacioni, sid) VALUE('2019-10-15','07:34:12',"Gjakovë",0); 
INSERT INTO Postimet (dpost, kpost,plokacioni, sid) VALUE('2019-10-24','19:23:42',"Gjilan",9); 
INSERT INTO Postimet (dpost, kpost,plokacioni, sid) VALUE('2019-11-11','13:55:23',"Ferizaj",5); 
INSERT INTO Postimet (dpost, kpost,plokacioni, sid) VALUE('2019-12-02','23:44:32',"Vushtrri",15); 
INSERT INTO Postimet (dpost, kpost,plokacioni, sid) VALUE('2019-03-29','10:12:34',"Vushtrri",8); 
INSERT INTO Postimet (dpost, kpost,plokacioni, sid) VALUE('2019-04-22','10:32:49',"Mitrovicë",2); 
INSERT INTO Postimet (dpost, kpost,plokacioni, sid) VALUE('2019-10-17','12:45:44',"Pejë",12); 
INSERT INTO Postimet (dpost, kpost,plokacioni, sid) VALUE('2019-11-29','16:20:12',"Prizren",13); 
INSERT INTO Postimet (dpost, kpost,plokacioni, sid) VALUE('2019-06-11','09:23:39',"Shkodër",14); 
INSERT INTO Postimet (dpost, kpost,plokacioni, sid) VALUE('2019-11-01','19:23:55',"Elbasan",15); 
INSERT INTO Postimet (dpost, kpost,plokacioni, sid) VALUE('2019-08-25','01:10:12',"Lipjan",4); 
INSERT INTO Postimet (dpost, kpost,plokacioni, sid) VALUE('2019-10-08','13:45:48',"Lipjan",7); 
INSERT INTO Postimet (dpost, kpost,plokacioni, sid) VALUE('2019-07-18','07:34:12',"Zubin Potok",6); 
INSERT INTO Postimet (dpost, kpost,plokacioni, sid) VALUE('2019-11-12','19:23:42',"Venecie",9); 
INSERT INTO Postimet (dpost, kpost,plokacioni, sid) VALUE('2019-10-05','16:32:11',"Prishtinë",5); 
INSERT INTO Postimet (dpost, kpost,plokacioni, sid) VALUE('2019-09-26','23:35:55',"Vushtrri",15); 
INSERT INTO Postimet (dpost, kpost,plokacioni, sid) VALUE('2019-12-13','03:10:12',"Ferizaj",8); 
INSERT INTO Postimet (dpost, kpost,plokacioni, sid) VALUE('2019-12-25','23:48:32',"Prishtinë",12); 
INSERT INTO Postimet (dpost, kpost,plokacioni, sid) VALUE('2019-12-26','10:44:35',"Prishtinë",12); 
INSERT INTO Postimet (dpost, kpost,plokacioni, sid) VALUE('2019-12-25','12:25:55',"Vushtrri",15); 
INSERT INTO Postimet (dpost, kpost,plokacioni, sid) VALUE('2019-12-25','15:35:23',"Vushtrri",15); 
INSERT INTO Postimet (dpost, kpost,plokacioni, sid) VALUE('2019-12-27','11:13:39',"Prishtinë",12); 
INSERT INTO Postimet (dpost, kpost,plokacioni, sid) VALUE('2019-12-26','03:10:12',"Ferizaj",8);
INSERT INTO Postimet (dpost, kpost,plokacioni, sid) VALUE('2019-12-26','12:10:12',"Ferizaj",8);
INSERT INTO Postimet (dpost, kpost,plokacioni, sid) VALUE('2019-12-26','23:35:55',"Vushtrri",15); 
INSERT INTO Postimet (dpost, kpost,plokacioni, sid) VALUE('2019-12-26','15:55:25',"Vushtrri",15); 





INSERT INTO Permb_Postimit (permbajtja_tjera, vid, phid, poid) VALUE("Hello from Prishtina!",1421,NULL,10013); 

INSERT INTO Permb_Postimit (permbajtja_tjera, vid, phid, poid) VALUE("It’s nice being here",NULL,1322,10024);
INSERT INTO Permb_Postimit (permbajtja_tjera, vid, phid, poid) VALUE("Finally, I graduated",1423,NULL,10024);
INSERT INTO Permb_Postimit (permbajtja_tjera, vid, phid, poid) VALUE("NULL",NULL,1324,10016); 
INSERT INTO Permb_Postimit (permbajtja_tjera, vid, phid, poid) VALUE("Welcome to our new friend",NULL,1325,10006); 
INSERT INTO Permb_Postimit (permbajtja_tjera, vid, phid, poid) VALUE("Thank everyone for bday wishes",1429,1326,10016); 
INSERT INTO Permb_Postimit (permbajtja_tjera, vid, phid, poid) VALUE("Live from football match today",NULL,NULL,10013); 
INSERT INTO Permb_Postimit (permbajtja_tjera, vid, phid, poid) VALUE("NULL",1428,NULL,10014);
INSERT INTO Permb_Postimit (permbajtja_tjera, vid, phid, poid) VALUE("Congratulations!",1429,NULL,10016); 
INSERT INTO Permb_Postimit (permbajtja_tjera, vid, phid, poid) VALUE("I’ve had such great holidays.",1430,NULL,10011);


INSERT INTO Komentet (data_komentit, koha_komentit, permbajtja,poid,sid) VALUE('2019-11-09','13:55:23',"Suksese",10016,7); 
INSERT INTO Komentet (data_komentit, koha_komentit, permbajtja,poid,sid) VALUE('2019-02-24','23:44:32',"Ngushellime",10006,6); 
INSERT INTO Komentet (data_komentit, koha_komentit, permbajtja,poid,sid) VALUE('2019-03-29','10:12:34',"Respekte",10016,9); 
INSERT INTO Komentet (data_komentit, koha_komentit, permbajtja,poid,sid) VALUE('2019-01-11','10:32:49',"Urime",10014,5); 
INSERT INTO Komentet (data_komentit, koha_komentit, permbajtja,poid,sid) VALUE('2019-05-07','12:45:44',"Bukur shume",10016,15); 
INSERT INTO Komentet (data_komentit, koha_komentit, permbajtja,poid,sid) VALUE('2019-11-09','16:20:12',"Kalofshi mire!",10011,8); 
INSERT INTO Komentet (data_komentit, koha_komentit, permbajtja,poid,sid) VALUE('2019-06-18','09:23:39',"Shume urime",10010,2); 
INSERT INTO Komentet (data_komentit, koha_komentit, permbajtja,poid,sid) VALUE('2019-07-21','19:23:55',"Shume urime",10018,12); 
INSERT INTO Komentet (data_komentit, koha_komentit, permbajtja,poid,sid) VALUE('2019-11-10','01:10:12',"RIP",10001,13); 
INSERT INTO Komentet (data_komentit, koha_komentit, permbajtja,poid,sid) VALUE('2019-08-08','13:45:48',"Shume bukur",10004,14); 
INSERT INTO Komentet (data_komentit, koha_komentit, permbajtja,poid,sid) VALUE('2019-09-15','07:34:12',"Nice photo",10004,15); 
INSERT INTO Komentet (data_komentit, koha_komentit, permbajtja,poid,sid) VALUE('2019-10-24','19:23:42',"Where is this place?",10012,4); 
INSERT INTO Komentet (data_komentit, koha_komentit, permbajtja,poid,sid) VALUE('2019-10-05','16:32:11',"Congratulations",10019,7); 
INSERT INTO Komentet (data_komentit, koha_komentit, permbajtja,poid,sid) VALUE('2019-11-26','23:35:55',"Well done",10025,6); 
INSERT INTO Komentet (data_komentit, koha_komentit, permbajtja,poid,sid) VALUE('2019-12-13','03:10:12',"I’m proud of you",10023,9); 
INSERT INTO Komentet (data_komentit, koha_komentit, permbajtja,poid,sid) VALUE('2019-12-25','16:32:11',"Congratulations",10019,12); 
INSERT INTO Komentet (data_komentit, koha_komentit, permbajtja,poid,sid) VALUE('2019-12-26','10:32:11',"Wow you did great",10019,12); 
INSERT INTO Komentet (data_komentit, koha_komentit, permbajtja,poid,sid) VALUE('2019-12-27','10:45:14',"Keep going",10019,12); 


select * from Komentet;

INSERT INTO Pelqimi_Komenteve (data_pc, koha_pc, cid, sid) VALUE('2019-11-29','13:20:12',1214,5);
INSERT INTO Pelqimi_Komenteve (data_pc, koha_pc, cid, sid) VALUE('2019-06-11','19:23:39',1214,4); 
INSERT INTO Pelqimi_Komenteve (data_pc, koha_pc, cid, sid) VALUE('2019-11-01','20:23:55',1205,13); 
INSERT INTO Pelqimi_Komenteve (data_pc, koha_pc, cid, sid) VALUE('2019-08-25','02:10:12',1206,6); 
INSERT INTO Pelqimi_Komenteve (data_pc, koha_pc, cid, sid) VALUE('2019-10-08','13:45:48',1210,7); 
INSERT INTO Pelqimi_Komenteve (data_pc, koha_pc, cid, sid) VALUE('2019-11-09','12:20:12',1208,9); 
INSERT INTO Pelqimi_Komenteve (data_pc, koha_pc, cid, sid) VALUE('2019-06-18','07:23:39',1210,10); 
INSERT INTO Pelqimi_Komenteve (data_pc, koha_pc, cid, sid) VALUE('2019-07-21','14:23:55',1210,15); 
INSERT INTO Pelqimi_Komenteve (data_pc, koha_pc, cid, sid) VALUE('2019-03-19','10:12:34',1215,10);
INSERT INTO Pelqimi_Komenteve (data_pc, koha_pc, cid, sid) VALUE('2019-01-13','10:32:49',1201,4);


INSERT INTO Pelqimet (data_pl, koha_pl, poid, sid) VALUE('2019-01-12','13:55:23',10015,14);
INSERT INTO Pelqimet (data_pl, koha_pl, poid, sid) VALUE('2019-01-17','23:44:32',10016,10);
INSERT INTO Pelqimet (data_pl, koha_pl, poid, sid) VALUE('2019-01-23','10:12:34',10008,10); 
INSERT INTO Pelqimet (data_pl, koha_pl, poid, sid) VALUE('2019-03-30','10:32:49',10018,4); 
INSERT INTO Pelqimet (data_pl, koha_pl, poid, sid) VALUE('2019-04-12','12:45:44',10015,12); 
INSERT INTO Pelqimet (data_pl, koha_pl, poid, sid) VALUE('2019-04-16','16:20:12',10020,6); 
INSERT INTO Pelqimet (data_pl, koha_pl, poid, sid) VALUE('2019-04-22','09:23:39',10021,7);
INSERT INTO Pelqimet (data_pl, koha_pl, poid, sid) VALUE('2019-05-16','19:23:55',10022,8); 
INSERT INTO Pelqimet (data_pl, koha_pl, poid, sid) VALUE('2019-06-29','01:10:12',10019,9);
INSERT INTO Pelqimet (data_pl, koha_pl, poid, sid) VALUE('2019-03-31','13:32:49',10010,12);


INSERT INTO Pelqimet_Vecanta (data_plv, koha_plv, pmbid, sid) VALUE('2019-03-24','10:12:34',2,13);
INSERT INTO Pelqimet_Vecanta (data_plv, koha_plv, pmbid, sid) VALUE('2019-04-12','10:32:49',7,6); 
INSERT INTO Pelqimet_Vecanta (data_plv, koha_plv, pmbid, sid) VALUE('2019-10-27','12:45:44',4,7); 
INSERT INTO Pelqimet_Vecanta (data_plv, koha_plv, pmbid, sid) VALUE('2019-11-21','16:20:12',8,9); 
INSERT INTO Pelqimet_Vecanta (data_plv, koha_plv, pmbid, sid) VALUE('2019-06-11','09:23:39',6,10); 
INSERT INTO Pelqimet_Vecanta (data_plv, koha_plv, pmbid, sid) VALUE('2019-11-01','19:23:55',7,15); 
INSERT INTO Pelqimet_Vecanta (data_plv, koha_plv, pmbid, sid) VALUE('2019-08-15','01:10:12',5,13);
INSERT INTO Pelqimet_Vecanta (data_plv, koha_plv, pmbid, sid) VALUE('2019-10-18','13:45:48',8,8);
INSERT INTO Pelqimet_Vecanta (data_plv, koha_plv, pmbid, sid) VALUE('2019-07-19','07:34:12',1,14);
INSERT INTO Pelqimet_Vecanta (data_plv, koha_plv, pmbid, sid) VALUE('2019-11-12','11:23:55',4,14);

select * from Pelqimet_Vecanta;
 

INSERT INTO  shperndarjet (data_sh, koha_sh, poid, sid) VALUES ('2019-08-20',   '07:34:12' , 10025 , 13 );
INSERT INTO  shperndarjet (data_sh, koha_sh, poid, sid) VALUES ('2019-08-23',   '19:23:42 ' , 10023 , 10 );
INSERT INTO  shperndarjet (data_sh, koha_sh, poid, sid) VALUES ('2019-09-04',   '16:32:11 ' , 10016 , 7 );
INSERT INTO  shperndarjet (data_sh, koha_sh, poid, sid) VALUES ('2019-09-04',  '23:35:55 ' , 10008 , 1 );
INSERT INTO  shperndarjet (data_sh, koha_sh, poid, sid) VALUES ('2019-09-05', '03:10:12 ' , 10018 , 14 );
INSERT INTO  shperndarjet (data_sh, koha_sh, poid, sid) VALUES ('2019-09-04', '16:32:11 ' , 10015 , 4 );
INSERT INTO  shperndarjet (data_sh, koha_sh, poid, sid) VALUES ('2019-09-04',   '23:35:55 ' , 10020 , 6 );
INSERT INTO  shperndarjet (data_sh, koha_sh, poid, sid) VALUES ('2019-09-05',   '03:10:12 ' , 10011 , 3 );
INSERT INTO  shperndarjet (data_sh, koha_sh, poid, sid) VALUES ('2019-04-12',   '12:45:44 ', 10022 , 9 );
INSERT INTO  shperndarjet (data_sh, koha_sh, poid, sid) VALUES ('2019-04-16',  ' 16:20:12 ' , 10018 , 6 );
INSERT INTO  shperndarjet (data_sh, koha_sh, poid, sid) VALUES ('2019-01-12',  ' 13:55:23 ' , 10020 , 7 );
INSERT INTO  shperndarjet (data_sh, koha_sh, poid, sid) VALUES ('2019-01-17',   '23:44:32 ' , 10021 , 13 );
INSERT INTO  shperndarjet (data_sh, koha_sh, poid, sid) VALUES ('2019-01-23',  ' 10:12:34 ' , 10022 , 3 );
INSERT INTO  shperndarjet (data_sh, koha_sh, poid, sid) VALUES ('2019-03-30',  ' 10:32:49 ' , 10023 , 11 );
INSERT INTO  shperndarjet (data_sh, koha_sh, poid, sid) VALUES ('2019-04-22',  ' 09:23:39 ' , 10024 , 6 );
INSERT INTO  shperndarjet (data_sh, koha_sh, poid, sid) VALUES ('2019-12-25',  ' 09:23:39 ' , 10021 , 12 );
INSERT INTO  shperndarjet (data_sh, koha_sh, poid, sid) VALUES ('2019-12-26',  ' 09:23:39 ' , 10024 , 12);
INSERT INTO  shperndarjet (data_sh, koha_sh, poid, sid) VALUES ('2019-12-27',  ' 08:23:39 ' , 10024 , 12);

select * from shperndarjet;


INSERT INTO  Komenti_Shperndarjet (data_ksh, koha_sh, permbajtja, shid, sid) VALUES ('2019-11-29', '10:12:34' ,"Shume bukur ",14 , 2 );
INSERT INTO  Komenti_Shperndarjet (data_ksh, koha_sh, permbajtja, shid, sid) VALUES ("2019-09-02", "10:32:49" ,"Suksese ", 14 , 3 );
INSERT INTO  Komenti_Shperndarjet (data_ksh, koha_sh, permbajtja, shid, sid) VALUES ("2019-12-14", "12:45:44" ,"Nice ", 12 , 4 );
INSERT INTO  Komenti_Shperndarjet (data_ksh, koha_sh, permbajtja, shid, sid) VALUES ("2019-11-13", "16:20:12" ,"Have fun ", 8 , 6 );
INSERT INTO  Komenti_Shperndarjet (data_ksh, koha_sh, permbajtja, shid, sid) VALUES ("2019-10-18", "09:23:39" ,"Rest in peace ", 2 , 3 );
INSERT INTO  Komenti_Shperndarjet (data_ksh, koha_sh, permbajtja, shid, sid) VALUES ("2019-09-21", "19:23:55" ,"Suksese ", 4 , 9 );
INSERT INTO  Komenti_Shperndarjet (data_ksh, koha_sh, permbajtja, shid, sid) VALUES ("2019-08-25", "01:10:12" ,"Ngushllime ", 11 , 6 );
INSERT INTO  Komenti_Shperndarjet (data_ksh, koha_sh, permbajtja, shid, sid) VALUES ("2019-11-08", "13:45:48" ,"Respekte ", 13 , 7 );
INSERT INTO  Komenti_Shperndarjet (data_ksh, koha_sh, permbajtja, shid, sid) VALUES ("2019-10-15", "07:34:12" ,"Urime ", 4 , 12 );
INSERT INTO  Komenti_Shperndarjet (data_ksh, koha_sh, permbajtja, shid, sid) VALUES ("2019-11-18", "09:23:39" ,"Bukur shume ", 2 , 14 );


INSERT INTO  Pelqimi_Shperndarjet (data_plsh, koha_plsh, shid, sid) VALUES ("2019-09-04", "16:32:11" , 12 , 4 );
INSERT INTO  Pelqimi_Shperndarjet (data_plsh, koha_plsh, shid, sid) VALUES ("2019-09-04", "23:35:55" , 12 , 6 );
INSERT INTO  Pelqimi_Shperndarjet (data_plsh, koha_plsh, shid, sid) VALUES ("2019-09-05", "03:10:12" , 14 , 3 );
INSERT INTO  Pelqimi_Shperndarjet (data_plsh, koha_plsh, shid, sid) VALUES ("2019-09-04", "16:32:11" , 8 , 9 );
INSERT INTO  Pelqimi_Shperndarjet (data_plsh, koha_plsh, shid, sid) VALUES ("2019-09-04", "23:35:55" , 14 , 6 );
INSERT INTO  Pelqimi_Shperndarjet (data_plsh, koha_plsh, shid, sid) VALUES ("2019-09-05", "03:10:12" , 5 , 7 );
INSERT INTO  Pelqimi_Shperndarjet (data_plsh, koha_plsh, shid, sid) VALUES ("2019-04-12", "12:45:44" , 9 , 13 );
INSERT INTO  Pelqimi_Shperndarjet (data_plsh, koha_plsh, shid, sid) VALUES ("2019-04-16", "16:20:12" , 13 , 3 );
INSERT INTO  Pelqimi_Shperndarjet (data_plsh, koha_plsh, shid, sid) VALUES ("2019-01-12", "13:55:23" , 15 , 11 );
INSERT INTO  Pelqimi_Shperndarjet (data_plsh, koha_plsh, shid, sid) VALUES ("2019-01-17", "23:44:32" , 2 , 6 );


INSERT INTO  KPSH (data_dergimit, koha_dergimit, statusi, data_statusit, koha_statusit, sid_derguesi, sid_pranuesi) VALUES ("2019-11-20", "17:00:00" , "Confirmed" , "2019-11-29", "10:12:34",4, 5 );
INSERT INTO  KPSH (data_dergimit, koha_dergimit, statusi, data_statusit, koha_statusit, sid_derguesi, sid_pranuesi) VALUES ("2019-11-19", "17:00:00" , "Ignored" ,   "2019-09-02", "23:44:32",8, 10 );
INSERT INTO  KPSH (data_dergimit, koha_dergimit, statusi, data_statusit, koha_statusit, sid_derguesi, sid_pranuesi) VALUES ("2019-12-05", "21:00:00" , "Pending" ,   "2019-12-14", "23:44:32",3, 8 );
INSERT INTO  KPSH (data_dergimit, koha_dergimit, statusi, data_statusit, koha_statusit, sid_derguesi, sid_pranuesi) VALUES ("2019-05-28", "12:00:00" , "Confirmed" , "2019-11-13", "23:44:32",4, 9 );
INSERT INTO  KPSH (data_dergimit, koha_dergimit, statusi, data_statusit, koha_statusit, sid_derguesi, sid_pranuesi) VALUES ("2019-11-20", "18:30:00" , "Ignored" ,   "2019-10-18", "23:44:32",5, 10 );
INSERT INTO  KPSH (data_dergimit, koha_dergimit, statusi, data_statusit, koha_statusit, sid_derguesi, sid_pranuesi) VALUES ("2019-11-21", "18:00:00" , "Confirmed" , "2019-09-21", "23:44:32",6, 12 );
INSERT INTO  KPSH (data_dergimit, koha_dergimit, statusi, data_statusit, koha_statusit, sid_derguesi, sid_pranuesi) VALUES ("2019-11-21", "19:00:00" , "Pending" ,   "2019-08-25", "23:44:32",7, 8 );
INSERT INTO  KPSH (data_dergimit, koha_dergimit, statusi, data_statusit, koha_statusit, sid_derguesi, sid_pranuesi) VALUES ("2019-11-21", "11:00:00" , "Confirmed" , "2019-11-08", "23:44:32",4, 12 );
INSERT INTO  KPSH (data_dergimit, koha_dergimit, statusi, data_statusit, koha_statusit, sid_derguesi, sid_pranuesi) VALUES ("2019-11-22", "09:00:00" , "Confirmed" , "2019-10-15", "23:44:32",4, 14 );
INSERT INTO  KPSH (data_dergimit, koha_dergimit, statusi, data_statusit, koha_statusit, sid_derguesi, sid_pranuesi) VALUES ("2019-11-25", "08:00:00" , "Ignored" ,   "2019-11-18", "23:44:32",1, 8 );
INSERT INTO  KPSH (data_dergimit, koha_dergimit, statusi, data_statusit, koha_statusit, sid_derguesi, sid_pranuesi) VALUES ("2019-07-03", "10:00:00" , "Pending" ,   "2019-04-12", "23:44:32",1, 12 );
INSERT INTO  KPSH (data_dergimit, koha_dergimit, statusi, data_statusit, koha_statusit, sid_derguesi, sid_pranuesi) VALUES ("2019-07-03", "10:00:00" , "Confirmed" ,  "2019-12-26", "23:44:32",1, 12 );
INSERT INTO  KPSH (data_dergimit, koha_dergimit, statusi, data_statusit, koha_statusit, sid_derguesi, sid_pranuesi) VALUES ("2019-07-03", "10:00:00" , "Confirmed" ,  "2019-12-27", "11:44:32",3, 12 );
INSERT INTO  KPSH (data_dergimit, koha_dergimit, statusi, data_statusit, koha_statusit, sid_derguesi, sid_pranuesi) VALUES ("2019-11-20", "18:30:00" , "Confirmed" ,   "2019-12-26", "23:44:32",2, 10 );
INSERT INTO  KPSH (data_dergimit, koha_dergimit, statusi, data_statusit, koha_statusit, sid_derguesi, sid_pranuesi) VALUES ("2019-11-20", "18:30:00" , "Confirmed" ,   "2019-12-27", "11:44:32",4, 10 );

truncate kpsh;



select data_statusit from KPSH;

INSERT INTO  shoket (data_sho, koha_sho, sid1, sid2) VALUES ("2019-09-04", "23:35:55" ,5, 4 );
INSERT INTO  shoket (data_sho, koha_sho, sid1, sid2) VALUES ("2019-09-05", "03:10:12" ,5, 6 );
INSERT INTO  shoket (data_sho, koha_sho, sid1, sid2) VALUES ("2019-04-12", "12:45:44" ,5, 3 );
INSERT INTO  shoket (data_sho, koha_sho, sid1, sid2) VALUES ("2019-04-16", "16:20:12" ,4, 9 );
INSERT INTO  shoket (data_sho, koha_sho, sid1, sid2) VALUES ("2019-01-12", "13:55:23" ,9, 6 );
INSERT INTO  shoket (data_sho, koha_sho, sid1, sid2) VALUES ("2019-09-04", "16:32:11" ,12, 7 );
INSERT INTO  shoket (data_sho, koha_sho, sid1, sid2) VALUES ("2019-08-19", "07:34:12" ,12, 13 );
INSERT INTO  shoket (data_sho, koha_sho, sid1, sid2) VALUES ("2019-08-23", "19:23:42" ,10, 3 );
INSERT INTO  shoket (data_sho, koha_sho, sid1, sid2) VALUES ("2019-09-04", "16:32:11" ,14, 11);
INSERT INTO  shoket (data_sho, koha_sho, sid1, sid2) VALUES ("2019-09-04", "23:35:55" ,15, 6 );
INSERT INTO  shoket (data_sho, koha_sho, sid1, sid2) VALUES ("2019-01-17", "23:44:32" ,8, 9 );
INSERT INTO  shoket (data_sho, koha_sho, sid1, sid2) VALUES ("2019-01-23", "10:12:34" ,4, 12 );
INSERT INTO  shoket (data_sho, koha_sho, sid1, sid2) VALUES ("2019-03-30", "0:32:49" ,14, 15 );
INSERT INTO  shoket (data_sho, koha_sho, sid1, sid2) VALUES ("2019-09-04", "16:32:11" ,2, 1 );
INSERT INTO  shoket (data_sho, koha_sho, sid1, sid2) VALUES ("2019-09-04", "23:35:55" ,2, 8 );


INSERT INTO  grupet (gemri,data_g, koha_g, sid) VALUES ("FIEK","2019-09-05", "03:10:12", 3 );
INSERT INTO  grupet (gemri,data_g, koha_g, sid) VALUES ("UP","2019-04-12", "2:45:44", 9 );
INSERT INTO  grupet (gemri,data_g, koha_g, sid) VALUES ("MUZIKE","2019-04-16", "16:20:12", 6 );
INSERT INTO  grupet (gemri,data_g, koha_g, sid) VALUES ("ART","2019-01-12", "13:55:23", 7 );
INSERT INTO  grupet (gemri,data_g, koha_g, sid) VALUES ("TEKNOLOGJIA","2019-01-17", "23:44:32 ", 13 );
INSERT INTO  grupet (gemri,data_g, koha_g, sid) VALUES ("KUZHINA","2019-01-23", "10:12:34 ", 3 );
INSERT INTO  grupet (gemri,data_g, koha_g, sid) VALUES ("DAILYQUOTES","2019-03-30", "10:32:49 ", 11 );
INSERT INTO  grupet (gemri,data_g, koha_g, sid) VALUES ("DAILYJOKES","2019-08-19", "07:34:12 ", 13 );
INSERT INTO  grupet (gemri,data_g, koha_g, sid) VALUES ("EVENTE","2019-08-23", "19:23:42 ", 10 );
INSERT INTO  grupet (gemri,data_g, koha_g, sid) VALUES ("PRISHTINA","2019-09-04", "16:32:11 ", 7 );
INSERT INTO  grupet (gemri,data_g, koha_g, sid) VALUES ("FILMA","2019-09-04", "23:35:55", 1 );
INSERT INTO  grupet (gemri,data_g, koha_g, sid) VALUES ("TV SHOWS","2019-09-05", "03:10:12", 14 );
INSERT INTO  grupet (gemri,data_g, koha_g, sid) VALUES ("LIBRA","2019-09-04", "16:32:11 ", 4 );
INSERT INTO  grupet (gemri,data_g, koha_g, sid) VALUES ("FASHION","2019-09-04", "23:35:55 ", 6 );
INSERT INTO  grupet (gemri,data_g, koha_g, sid) VALUES ("SHENDETI","2019-04-22", "09:23:39 ", 6 );



INSERT INTO  Grup_lista (data_gl, koha_gl, gid, sid) VALUES ("2019-09-04", "16:32:11", 7, 4 );
INSERT INTO  Grup_lista (data_gl, koha_gl, gid, sid) VALUES ("2019-09-04", "23:35:55", 7, 9 );
INSERT INTO  Grup_lista (data_gl, koha_gl, gid, sid) VALUES ("2019-09-05", "03:10:12", 14, 13 );
INSERT INTO  Grup_lista (data_gl, koha_gl, gid, sid) VALUES ("2019-09-04", "16:32:11", 12, 15 );
INSERT INTO  Grup_lista (data_gl, koha_gl, gid, sid) VALUES ("2019-09-04", "23:35:55", 8, 10 );
INSERT INTO  Grup_lista (data_gl, koha_gl, gid, sid) VALUES ("2019-09-05", "03:10:12",6, 8 );
INSERT INTO  Grup_lista (data_gl, koha_gl, gid, sid) VALUES ("2019-04-12", "12:45:44", 13, 7 );
INSERT INTO  Grup_lista (data_gl, koha_gl, gid, sid) VALUES ("2019-04-16", "16:20:12", 15, 12 );
INSERT INTO  Grup_lista (data_gl, koha_gl, gid, sid) VALUES ("2019-01-12", "13:55:23", 6, 12 );
INSERT INTO  Grup_lista (data_gl, koha_gl, gid, sid) VALUES ("2019-01-17", "23:44:32", 6, 14 );
INSERT INTO  Grup_lista (data_gl, koha_gl, gid, sid) VALUES ("2019-09-04", "23:35:55", 8, 12 );
INSERT INTO  Grup_lista (data_gl, koha_gl, gid, sid) VALUES ("2019-09-04", "23:35:55", 8, 15 );
INSERT INTO  Grup_lista (data_gl, koha_gl, gid, sid) VALUES ("2019-09-04", "23:35:55", 8, 4 );
INSERT INTO  Grup_lista (data_gl, koha_gl, gid, sid) VALUES ("2019-09-04", "23:35:55", 8, 2 );
INSERT INTO  Grup_lista (data_gl, koha_gl, gid, sid) VALUES ("2019-09-04", "23:35:55", 8, 13 );
INSERT INTO  Grup_lista (data_gl, koha_gl, gid, sid) VALUES ("2019-09-04", "16:32:11", 1, 4 );
INSERT INTO  Grup_lista (data_gl, koha_gl, gid, sid) VALUES ("2019-09-04", "16:32:11", 1, 1 );
INSERT INTO  Grup_lista (data_gl, koha_gl, gid, sid) VALUES ("2019-09-04", "16:32:11", 1, 9 );
INSERT INTO  Grup_lista (data_gl, koha_gl, gid, sid) VALUES ("2019-09-04", "16:32:11", 1, 8 );
INSERT INTO  Grup_lista (data_gl, koha_gl, gid, sid) VALUES ("2019-09-04", "16:32:11", 1, 5 );


INSERT INTO  eventet (evemri, elokacioni, evendi, evpershkrimi,ev_data_fillimit,ev_koha_fillimit,ev_data_mbarimit, ev_koha_mbarimit,sid) 
VALUES ("Cigre", "Hotel Sirius", "Prishtine", "Konferencë lidhur me elektroenergjetikë. ","2019-11-05", "08:00:00 ", "2019-11-09", "12:00:00 ", 15 );
INSERT INTO  eventet (evemri, elokacioni, evendi, evpershkrimi,ev_data_fillimit,ev_koha_fillimit,ev_data_mbarimit, ev_koha_mbarimit,sid) VALUES ("Martesa", "Kino Armata","Prishtine", "Është pasqyrë relevante mbi atë se si shoqëria (keq)ndërtohet mbi sekrete të pazgjidhura, ashtu sikur edhe martesa. ","2019-11-18", "17:00:00 ", "2019-11-24", "18:40:00 ", 12 );
INSERT INTO  eventet (evemri, elokacioni, evendi, evpershkrimi,ev_data_fillimit,ev_koha_fillimit,ev_data_mbarimit, ev_koha_mbarimit,sid) VALUES ( "Outloud Talks","Kino Armata", "Prishtine", "Ndryshimi i pavarësisë, rrëfenjave dhe inovacionit. ","2019-11-10", "17:00:00", "2019-11-20", "19:30:00 ", 7 );
INSERT INTO  eventet (evemri, elokacioni, evendi, evpershkrimi,ev_data_fillimit,ev_koha_fillimit,ev_data_mbarimit, ev_koha_mbarimit,sid) VALUES ("Digital Marketing", "Kolegji Globus", "Prishtine", "Aftësimi për zhvillim të një plani digjital të marketingut. ","2019-11-20", "17:00:00 ", "2019-11-21", "17:00:00 ", 11 );
INSERT INTO  eventet (evemri, elokacioni, evendi, evpershkrimi,ev_data_fillimit,ev_koha_fillimit,ev_data_mbarimit, ev_koha_mbarimit,sid) VALUES ("Grupi NA", "Rockuzine","Prishtine","Muzikë. ","2019-12-05", "21:00:00 ", "2019-12-06", "12:00:00 ", 1 );
INSERT INTO  eventet (evemri, elokacioni, evendi, evpershkrimi,ev_data_fillimit,ev_koha_fillimit,ev_data_mbarimit, ev_koha_mbarimit,sid) VALUES ("UNUM Festival", "RaveTravel", "Rana e Hedhun","Muzikë. " ,"2019-05-28", "12:00:00 ", "2019-05-29", "07:00:00 ", 13 );
INSERT INTO  eventet (evemri, elokacioni, evendi, evpershkrimi,ev_data_fillimit,ev_koha_fillimit,ev_data_mbarimit, ev_koha_mbarimit,sid) VALUES ("Java e fillimit studentor","Universiteti i Prishtines","Prishtine" ,"Shfaqja e filmave te ndryshëm në kuadër të këtij projekti. ","2019-11-18", "18:30:00 ", "2019-11-20", "21:30:00 ", 8 );
INSERT INTO  eventet (evemri, elokacioni, evendi, evpershkrimi,ev_data_fillimit,ev_koha_fillimit,ev_data_mbarimit, ev_koha_mbarimit,sid) VALUES ("n'Dukagjin", "Dukagjini Bookstore","Prishtine", "Diskutim për librin dhe ndikimin e tij në profesionin tonë. ","2019-11-20", "18:00:00 ", "2019-11-21", "17:30:00 ", 9 );
INSERT INTO  eventet (evemri, elokacioni, evendi, evpershkrimi,ev_data_fillimit,ev_koha_fillimit,ev_data_mbarimit, ev_koha_mbarimit,sid) VALUES ("Harry Poter and The Sorcerer’s Stone", "XPortalsEsports","Prishtine", "Eventi javor për shfaqjen e filmave të ndryshëm. ","2019-11-20", "19:00:00 ", "2019-11-21", "21:30:00 ", 3 );
INSERT INTO  eventet (evemri, elokacioni, evendi, evpershkrimi,ev_data_fillimit,ev_koha_fillimit,ev_data_mbarimit, ev_koha_mbarimit,sid) VALUES ("YCIP Job Fair", "A.U.K", "Prishtine", "Zhvillim të aftësive të buta (soft skills) dhe teknike-profesionale të cilat ju bëjnë më të lehtë tranzicionin në tregun e punës. ","2019-11-20", "11:00:00 ", "2019-11-21", "13:00:00 ", 5 );
INSERT INTO  eventet (evemri, elokacioni, evendi, evpershkrimi,ev_data_fillimit,ev_koha_fillimit,ev_data_mbarimit, ev_koha_mbarimit,sid) VALUES ("Business for Breakfast-Arsimi profesional dual", "Hotel Garden","Prishtine", "Diskutim rreth sistemit të arsimit profesional dual dhe të shkëmbejnë përvojat e tyre. ","2019-11-22", "09:00:00 ", "2019-11-23", "11:00:00 ", 4 );
INSERT INTO  eventet (evemri, elokacioni, evendi, evpershkrimi,ev_data_fillimit,ev_koha_fillimit,ev_data_mbarimit, ev_koha_mbarimit,sid) VALUES ("Diaspora dhe Investimet e huaja", "Emerald Hotel", "Prishtine", "Nxitja e bashkepunimit ekonomik nepermjet njohjes se resurseve dhe specifikave. ","2019-11-25", "08:00:00 ", "2019-11-26", "20:00:00 ", 10 );
INSERT INTO  eventet (evemri, elokacioni, evendi, evpershkrimi,ev_data_fillimit,ev_koha_fillimit,ev_data_mbarimit, ev_koha_mbarimit,sid) VALUES ("N”Expo", "N EXPO", "Prishtine", "Ekspozita më e madhe në vend e Ndertimtarisë, Arkitekturës dhe materialeve të lidhura me këtë industri. ","2020-07-03", "10:00:00 ", "2020-07-05", "13:00:00 ", 6 );
INSERT INTO  eventet (evemri, elokacioni, evendi, evpershkrimi,ev_data_fillimit,ev_koha_fillimit,ev_data_mbarimit, ev_koha_mbarimit,sid) VALUES ("Berlin is in Germany","Kino Armata", "Prishtine", "Trajton jetesën përgjatë ndarjes dhe bashkimit të Gjermanisë. ","2019-11-21", "20:00:00 ", "2019-11-23", "22:00:00 ", 2 );
INSERT INTO  eventet (evemri, elokacioni, evendi, evpershkrimi,ev_data_fillimit,ev_koha_fillimit,ev_data_mbarimit, ev_koha_mbarimit,sid) VALUES ("Prishtina Drum Festival", "Kino Armata", "Prishtine", "Muzikë. ","2019-11-24", "18:30:00 ", "2019-11-25", "21:30:00 ", 14 );
INSERT INTO  eventet (evemri, elokacioni, evendi, evpershkrimi,ev_data_fillimit,ev_koha_fillimit,ev_data_mbarimit, ev_koha_mbarimit,sid) VALUES ("Prishtina Festival", "Kino Armata", "Prishtine", "Muzikë. ","2019-12-26", "18:30:00 ", "2019-12-27", "21:30:00 ", 14 );
INSERT INTO  eventet (evemri, elokacioni, evendi, evpershkrimi,ev_data_fillimit,ev_koha_fillimit,ev_data_mbarimit, ev_koha_mbarimit,sid) VALUES ("Christmas","n'shesh", "Prishtine", "Trajton jetesën përgjatë ndarjes dhe bashkimit të Gjermanisë. ","2019-12-27", "20:00:00 ", "2019-12-28", "22:00:00 ", 2 );
INSERT INTO  eventet (evemri, elokacioni, evendi, evpershkrimi,ev_data_fillimit,ev_koha_fillimit,ev_data_mbarimit, ev_koha_mbarimit,sid) VALUES ("New Year 2020", "Prishtine n'shesh", "Prishtine", "Ekspozita më e madhe në vend e Ndertimtarisë, Arkitekturës dhe materialeve të lidhura me këtë industri. ","2020-07-03", "10:00:00 ", "2020-07-05", "13:00:00 ", 6 );
INSERT INTO  eventet (evemri, elokacioni, evendi, evpershkrimi,ev_data_fillimit,ev_koha_fillimit,ev_data_mbarimit, ev_koha_mbarimit,sid) VALUES ("Martesa", "Kino Armata","Prishtine", "Është pasqyrë relevante mbi atë se si shoqëria (keq)ndërtohet mbi sekrete të pazgjidhura, ashtu sikur edhe martesa. ","2019-12-27", "17:00:00 ", "2019-12-28", "18:40:00 ", 14 );
INSERT INTO  eventet (evemri, elokacioni, evendi, evpershkrimi,ev_data_fillimit,ev_koha_fillimit,ev_data_mbarimit, ev_koha_mbarimit,sid) VALUES ("New Year 2020", "Prite n'shesh", "Prishtine", "Koncerte festive dhe shume befasi tjera per pritjen e vitit te ri ne shesh ","2019-12-28", "15:00:00 ", "2020-01-01", "13:00:00 ", 6 );
INSERT INTO  eventet (evemri, elokacioni, evendi, evpershkrimi,ev_data_fillimit,ev_koha_fillimit,ev_data_mbarimit, ev_koha_mbarimit,sid) VALUES ("Martesa", "Kino Armata","Prishtine", "Është pasqyrë relevante mbi atë se si shoqëria (keq)ndërtohet mbi sekrete të pazgjidhura, ashtu sikur edhe martesa. ","2019-12-28", "17:00:00 ", "2019-12-29", "18:40:00 ", 14 );


INSERT INTO  konfirmimi_eventit (data_kf, koha_kf, evid, sid) VALUES ("2019-01-17" ,"23:44:32", 7, 4 );
INSERT INTO  konfirmimi_eventit (data_kf, koha_kf, evid, sid) VALUES ("2019-03-30", "10:32:49",8, 4 );
INSERT INTO  konfirmimi_eventit (data_kf, koha_kf, evid, sid) VALUES ("2019-08-19", "07:34:12",12, 12 );
INSERT INTO  konfirmimi_eventit (data_kf, koha_kf, evid, sid) VALUES ("2019-08-23", "19:23:42", 14, 4);
INSERT INTO  konfirmimi_eventit (data_kf, koha_kf, evid, sid) VALUES ("2019-09-04", "16:32:11", 15, 5 );
INSERT INTO  konfirmimi_eventit (data_kf, koha_kf, evid, sid) VALUES ("2019-09-04", "23:35:55", 7, 9 );
INSERT INTO  konfirmimi_eventit (data_kf, koha_kf, evid, sid) VALUES ("2019-09-05", "03:10:12", 13, 12);
INSERT INTO  konfirmimi_eventit (data_kf, koha_kf, evid, sid) VALUES ("2019-09-04", "16:32:11", 15, 14 );
INSERT INTO  konfirmimi_eventit (data_kf, koha_kf, evid, sid) VALUES ("2019-09-04", "23:35:55", 9, 13 );